{"cameraMode":{"drawMode":0,"name":"Shaded","section":"Shading Mode"},"sceneLighting":true,"audioPlay":false,"sceneViewState":{"m_AlwaysRefresh":false,"showFog":true,"showSkybox":true,"showFlares":true,"showImageEffects":true,"showParticleSystems":true,"showVisualEffectGraphs":true,"m_FxEnabled":true},"in2DMode":false,"pivot":{"x":4.613864421844482,"y":8.642495155334473,"z":-24.974658966064454},"rotation":{"x":0.022490812465548517,"y":-0.025490695610642434,"z":0.0005736275925301015,"w":0.9994226098060608},"size":2.1759555339813234,"orthographic":false}